Year,College,Term,POT,Course ID,Title,CRN,Students,Primary,PEER,SELE,Respondents,Grade,Percentage of Students
2017,University College,201721,1,GEN-175-022,Intro to Info Technology,24952,22,Y,NA,4.29,14,As,22.70%
2017,University College,201721,1,GEN-175-022,Intro to Info Technology,24952,22,Y,NA,4.29,14,Bs,31.80%
2017,University College,201721,1,GEN-175-022,Intro to Info Technology,24952,22,Y,NA,4.29,14,Cs,22.70%
2017,University College,201721,1,GEN-175-022,Intro to Info Technology,24952,22,Y,NA,4.29,14,Ds,9.10%
2017,University College,201721,1,GEN-175-022,Intro to Info Technology,24952,22,Y,NA,4.29,14,Fs,13.60%
2017,University College,201721,1,GEN-175-022,Intro to Info Technology,24952,22,Y,NA,4.29,14,Ps,0.00%
2017,University College,201721,1,GEN-175-022,Intro to Info Technology,24952,22,Y,NA,4.29,14,NPs,0.00%
2017,University College,201721,1,GEN-175-023,Intro to Info Technology,24953,31,Y,NA,4.61,23,As,20.00%
2017,University College,201721,1,GEN-175-023,Intro to Info Technology,24953,31,Y,NA,4.61,23,Bs,33.30%
2017,University College,201721,1,GEN-175-023,Intro to Info Technology,24953,31,Y,NA,4.61,23,Cs,33.30%
2017,University College,201721,1,GEN-175-023,Intro to Info Technology,24953,31,Y,NA,4.61,23,Ds,3.30%
2017,University College,201721,1,GEN-175-023,Intro to Info Technology,24953,31,Y,NA,4.61,23,Fs,10.00%
2017,University College,201721,1,GEN-175-023,Intro to Info Technology,24953,31,Y,NA,4.61,23,Ps,0.00%
2017,University College,201721,1,GEN-175-023,Intro to Info Technology,24953,31,Y,NA,4.61,23,NPs,0.00%
2017,University College,201721,1,GEN-175-024,Intro to Info Technology,24954,23,Y,NA,4.57,21,As,21.70%
2017,University College,201721,1,GEN-175-024,Intro to Info Technology,24954,23,Y,NA,4.57,21,Bs,34.80%
2017,University College,201721,1,GEN-175-024,Intro to Info Technology,24954,23,Y,NA,4.57,21,Cs,26.10%
2017,University College,201721,1,GEN-175-024,Intro to Info Technology,24954,23,Y,NA,4.57,21,Ds,4.30%
2017,University College,201721,1,GEN-175-024,Intro to Info Technology,24954,23,Y,NA,4.57,21,Fs,13.00%
2017,University College,201721,1,GEN-175-024,Intro to Info Technology,24954,23,Y,NA,4.57,21,Ps,0.00%
2017,University College,201721,1,GEN-175-024,Intro to Info Technology,24954,23,Y,NA,4.57,21,NPs,0.00%
2017,University College,201721,1,GEN-175-025,Intro to Info Technology,24955,30,Y,NA,4.44,25,As,13.80%
2017,University College,201721,1,GEN-175-025,Intro to Info Technology,24955,30,Y,NA,4.44,25,Bs,34.50%
2017,University College,201721,1,GEN-175-025,Intro to Info Technology,24955,30,Y,NA,4.44,25,Cs,20.70%
2017,University College,201721,1,GEN-175-025,Intro to Info Technology,24955,30,Y,NA,4.44,25,Ds,17.20%
2017,University College,201721,1,GEN-175-025,Intro to Info Technology,24955,30,Y,NA,4.44,25,Fs,13.80%
2017,University College,201721,1,GEN-175-025,Intro to Info Technology,24955,30,Y,NA,4.44,25,Ps,0.00%
2017,University College,201721,1,GEN-175-025,Intro to Info Technology,24955,30,Y,NA,4.44,25,NPs,0.00%
2017,University College,201721,1,GEN-175-026,Intro to Info Technology,24956,26,Y,NA,4.75,16,As,8.00%
2017,University College,201721,1,GEN-175-026,Intro to Info Technology,24956,26,Y,NA,4.75,16,Bs,48.00%
2017,University College,201721,1,GEN-175-026,Intro to Info Technology,24956,26,Y,NA,4.75,16,Cs,20.00%
2017,University College,201721,1,GEN-175-026,Intro to Info Technology,24956,26,Y,NA,4.75,16,Ds,12.00%
2017,University College,201721,1,GEN-175-026,Intro to Info Technology,24956,26,Y,NA,4.75,16,Fs,12.00%
2017,University College,201721,1,GEN-175-026,Intro to Info Technology,24956,26,Y,NA,4.75,16,Ps,0.00%
2017,University College,201721,1,GEN-175-026,Intro to Info Technology,24956,26,Y,NA,4.75,16,NPs,0.00%
2017,University College,201722,1,GEN-175-022,Intro to Info Technology,21673,24,Y,NA,4.64,14,As,45.80%
2017,University College,201722,1,GEN-175-022,Intro to Info Technology,21673,24,Y,NA,4.64,14,Bs,25.00%
2017,University College,201722,1,GEN-175-022,Intro to Info Technology,21673,24,Y,NA,4.64,14,Cs,8.30%
2017,University College,201722,1,GEN-175-022,Intro to Info Technology,21673,24,Y,NA,4.64,14,Ds,20.80%
2017,University College,201722,1,GEN-175-022,Intro to Info Technology,21673,24,Y,NA,4.64,14,Fs,0.00%
2017,University College,201722,1,GEN-175-022,Intro to Info Technology,21673,24,Y,NA,4.64,14,Ps,0.00%
2017,University College,201722,1,GEN-175-022,Intro to Info Technology,21673,24,Y,NA,4.64,14,NPs,0.00%
2017,University College,201722,1,GEN-175-023,Intro to Info Technology,21674,24,Y,NA,4.75,16,As,47.80%
2017,University College,201722,1,GEN-175-023,Intro to Info Technology,21674,24,Y,NA,4.75,16,Bs,17.40%
2017,University College,201722,1,GEN-175-023,Intro to Info Technology,21674,24,Y,NA,4.75,16,Cs,30.40%
2017,University College,201722,1,GEN-175-023,Intro to Info Technology,21674,24,Y,NA,4.75,16,Ds,0.00%
2017,University College,201722,1,GEN-175-023,Intro to Info Technology,21674,24,Y,NA,4.75,16,Fs,4.30%
2017,University College,201722,1,GEN-175-023,Intro to Info Technology,21674,24,Y,NA,4.75,16,Ps,0.00%
2017,University College,201722,1,GEN-175-023,Intro to Info Technology,21674,24,Y,NA,4.75,16,NPs,0.00%
2017,University College,201722,1,GEN-175-025,Intro to Info Technology,21676,23,Y,NA,5,11,As,18.20%
2017,University College,201722,1,GEN-175-025,Intro to Info Technology,21676,23,Y,NA,5,11,Bs,36.40%
2017,University College,201722,1,GEN-175-025,Intro to Info Technology,21676,23,Y,NA,5,11,Cs,36.40%
2017,University College,201722,1,GEN-175-025,Intro to Info Technology,21676,23,Y,NA,5,11,Ds,9.10%
2017,University College,201722,1,GEN-175-025,Intro to Info Technology,21676,23,Y,NA,5,11,Fs,0.00%
2017,University College,201722,1,GEN-175-025,Intro to Info Technology,21676,23,Y,NA,5,11,Ps,0.00%
2017,University College,201722,1,GEN-175-025,Intro to Info Technology,21676,23,Y,NA,5,11,NPs,0.00%
2017,University College,201722,1,GEN-175-033,Intro to Info Technology,21681,24,Y,NA,4.73,15,As,16.70%
2017,University College,201722,1,GEN-175-033,Intro to Info Technology,21681,24,Y,NA,4.73,15,Bs,25.00%
2017,University College,201722,1,GEN-175-033,Intro to Info Technology,21681,24,Y,NA,4.73,15,Cs,45.80%
2017,University College,201722,1,GEN-175-033,Intro to Info Technology,21681,24,Y,NA,4.73,15,Ds,12.50%
2017,University College,201722,1,GEN-175-033,Intro to Info Technology,21681,24,Y,NA,4.73,15,Fs,0.00%
2017,University College,201722,1,GEN-175-033,Intro to Info Technology,21681,24,Y,NA,4.73,15,Ps,0.00%
2017,University College,201722,1,GEN-175-033,Intro to Info Technology,21681,24,Y,NA,4.73,15,NPs,0.00%
2017,University College,201722,1,GEN-175-901,Intro to Info Technology,20228,22,Y,NA,4.69,13,As,25.00%
2017,University College,201722,1,GEN-175-901,Intro to Info Technology,20228,22,Y,NA,4.69,13,Bs,20.00%
2017,University College,201722,1,GEN-175-901,Intro to Info Technology,20228,22,Y,NA,4.69,13,Cs,40.00%
2017,University College,201722,1,GEN-175-901,Intro to Info Technology,20228,22,Y,NA,4.69,13,Ds,5.00%
2017,University College,201722,1,GEN-175-901,Intro to Info Technology,20228,22,Y,NA,4.69,13,Fs,10.00%
2017,University College,201722,1,GEN-175-901,Intro to Info Technology,20228,22,Y,NA,4.69,13,Ps,0.00%
2017,University College,201722,1,GEN-175-901,Intro to Info Technology,20228,22,Y,NA,4.69,13,NPs,0.00%
2018,University College,201821,1,GEN-175-010,Intro to Info Technology,25463,24,Y,NA,4.73,11,As,33.30%
2018,University College,201821,1,GEN-175-010,Intro to Info Technology,25463,24,Y,NA,4.73,11,Bs,25.00%
2018,University College,201821,1,GEN-175-010,Intro to Info Technology,25463,24,Y,NA,4.73,11,Cs,4.20%
2018,University College,201821,1,GEN-175-010,Intro to Info Technology,25463,24,Y,NA,4.73,11,Ds,12.50%
2018,University College,201821,1,GEN-175-010,Intro to Info Technology,25463,24,Y,NA,4.73,11,Fs,25.00%
2018,University College,201821,1,GEN-175-010,Intro to Info Technology,25463,24,Y,NA,4.73,11,Ps,0.00%
2018,University College,201821,1,GEN-175-010,Intro to Info Technology,25463,24,Y,NA,4.73,11,NPs,0.00%
2018,University College,201821,1,GEN-175-018,Intro to Info Technology,24704,24,Y,NA,4.94,16,As,13.00%
2018,University College,201821,1,GEN-175-018,Intro to Info Technology,24704,24,Y,NA,4.94,16,Bs,30.40%
2018,University College,201821,1,GEN-175-018,Intro to Info Technology,24704,24,Y,NA,4.94,16,Cs,34.80%
2018,University College,201821,1,GEN-175-018,Intro to Info Technology,24704,24,Y,NA,4.94,16,Ds,13.00%
2018,University College,201821,1,GEN-175-018,Intro to Info Technology,24704,24,Y,NA,4.94,16,Fs,8.70%
2018,University College,201821,1,GEN-175-018,Intro to Info Technology,24704,24,Y,NA,4.94,16,Ps,0.00%
2018,University College,201821,1,GEN-175-018,Intro to Info Technology,24704,24,Y,NA,4.94,16,NPs,0.00%
2018,University College,201821,1,GEN-175-019,Intro to Info Technology,24705,24,Y,NA,4.62,21,As,29.20%
2018,University College,201821,1,GEN-175-019,Intro to Info Technology,24705,24,Y,NA,4.62,21,Bs,58.30%
2018,University College,201821,1,GEN-175-019,Intro to Info Technology,24705,24,Y,NA,4.62,21,Cs,0.00%
2018,University College,201821,1,GEN-175-019,Intro to Info Technology,24705,24,Y,NA,4.62,21,Ds,8.30%
2018,University College,201821,1,GEN-175-019,Intro to Info Technology,24705,24,Y,NA,4.62,21,Fs,4.20%
2018,University College,201821,1,GEN-175-019,Intro to Info Technology,24705,24,Y,NA,4.62,21,Ps,0.00%
2018,University College,201821,1,GEN-175-019,Intro to Info Technology,24705,24,Y,NA,4.62,21,NPs,0.00%
2018,University College,201821,1,GEN-175-005,Intro to Info Technology,22891,26,Y,NA,4.65,20,As,16.00%
2018,University College,201821,1,GEN-175-005,Intro to Info Technology,22891,26,Y,NA,4.65,20,Bs,36.00%
2018,University College,201821,1,GEN-175-005,Intro to Info Technology,22891,26,Y,NA,4.65,20,Cs,40.00%
2018,University College,201821,1,GEN-175-005,Intro to Info Technology,22891,26,Y,NA,4.65,20,Ds,0.00%
2018,University College,201821,1,GEN-175-005,Intro to Info Technology,22891,26,Y,NA,4.65,20,Fs,8.00%
2018,University College,201821,1,GEN-175-005,Intro to Info Technology,22891,26,Y,NA,4.65,20,Ps,0.00%
2018,University College,201821,1,GEN-175-005,Intro to Info Technology,22891,26,Y,NA,4.65,20,NPs,0.00%
2018,University College,201821,1,GEN-175-022,Intro to Info Technology,24952,26,Y,NA,4.75,20,As,26.90%
2018,University College,201821,1,GEN-175-022,Intro to Info Technology,24952,26,Y,NA,4.75,20,Bs,30.80%
2018,University College,201821,1,GEN-175-022,Intro to Info Technology,24952,26,Y,NA,4.75,20,Cs,26.90%
2018,University College,201821,1,GEN-175-022,Intro to Info Technology,24952,26,Y,NA,4.75,20,Ds,7.70%
2018,University College,201821,1,GEN-175-022,Intro to Info Technology,24952,26,Y,NA,4.75,20,Fs,7.70%
2018,University College,201821,1,GEN-175-022,Intro to Info Technology,24952,26,Y,NA,4.75,20,Ps,0.00%
2018,University College,201821,1,GEN-175-022,Intro to Info Technology,24952,26,Y,NA,4.75,20,NPs,0.00%
2018,University College,201822,1,GEN-175-016,Intro to Info Technology,24398,32,Y,NA,4.97,29,As,61.30%
2018,University College,201822,1,GEN-175-016,Intro to Info Technology,24398,32,Y,NA,4.97,29,Bs,25.80%
2018,University College,201822,1,GEN-175-016,Intro to Info Technology,24398,32,Y,NA,4.97,29,Cs,9.70%
2018,University College,201822,1,GEN-175-016,Intro to Info Technology,24398,32,Y,NA,4.97,29,Ds,3.20%
2018,University College,201822,1,GEN-175-016,Intro to Info Technology,24398,32,Y,NA,4.97,29,Fs,0.00%
2018,University College,201822,1,GEN-175-016,Intro to Info Technology,24398,32,Y,NA,4.97,29,Ps,0.00%
2018,University College,201822,1,GEN-175-016,Intro to Info Technology,24398,32,Y,NA,4.97,29,NPs,0.00%
2018,University College,201822,1,GEN-175-905,Intro to Info Technology,23358,31,Y,NA,4.95,19,As,46.70%
2018,University College,201822,1,GEN-175-905,Intro to Info Technology,23358,31,Y,NA,4.95,19,Bs,23.30%
2018,University College,201822,1,GEN-175-905,Intro to Info Technology,23358,31,Y,NA,4.95,19,Cs,6.70%
2018,University College,201822,1,GEN-175-905,Intro to Info Technology,23358,31,Y,NA,4.95,19,Ds,16.70%
2018,University College,201822,1,GEN-175-905,Intro to Info Technology,23358,31,Y,NA,4.95,19,Fs,6.70%
2018,University College,201822,1,GEN-175-905,Intro to Info Technology,23358,31,Y,NA,4.95,19,Ps,0.00%
2018,University College,201822,1,GEN-175-905,Intro to Info Technology,23358,31,Y,NA,4.95,19,NPs,0.00%
2018,University College,201822,1,GEN-175-017,Intro to Info Technology,24403,32,Y,NA,4.88,26,As,21.90%
2018,University College,201822,1,GEN-175-017,Intro to Info Technology,24403,32,Y,NA,4.88,26,Bs,43.80%
2018,University College,201822,1,GEN-175-017,Intro to Info Technology,24403,32,Y,NA,4.88,26,Cs,21.90%
2018,University College,201822,1,GEN-175-017,Intro to Info Technology,24403,32,Y,NA,4.88,26,Ds,9.40%
2018,University College,201822,1,GEN-175-017,Intro to Info Technology,24403,32,Y,NA,4.88,26,Fs,3.10%
2018,University College,201822,1,GEN-175-017,Intro to Info Technology,24403,32,Y,NA,4.88,26,Ps,0.00%
2018,University College,201822,1,GEN-175-017,Intro to Info Technology,24403,32,Y,NA,4.88,26,NPs,0.00%
2018,University College,201822,1,GEN-175-015,Intro to Info Technology,23088,32,Y,NA,4.96,28,As,67.70%
2018,University College,201822,1,GEN-175-015,Intro to Info Technology,23088,32,Y,NA,4.96,28,Bs,22.60%
2018,University College,201822,1,GEN-175-015,Intro to Info Technology,23088,32,Y,NA,4.96,28,Cs,6.50%
2018,University College,201822,1,GEN-175-015,Intro to Info Technology,23088,32,Y,NA,4.96,28,Ds,3.20%
2018,University College,201822,1,GEN-175-015,Intro to Info Technology,23088,32,Y,NA,4.96,28,Fs,0.00%
2018,University College,201822,1,GEN-175-015,Intro to Info Technology,23088,32,Y,NA,4.96,28,Ps,0.00%
2018,University College,201822,1,GEN-175-015,Intro to Info Technology,23088,32,Y,NA,4.96,28,NPs,0.00%
2018,University College,201822,1,GEN-175-031,Intro to Info Technology,24663,18,Y,NA,4.77,13,As,22.20%
2018,University College,201822,1,GEN-175-031,Intro to Info Technology,24663,18,Y,NA,4.77,13,Bs,22.20%
2018,University College,201822,1,GEN-175-031,Intro to Info Technology,24663,18,Y,NA,4.77,13,Cs,33.30%
2018,University College,201822,1,GEN-175-031,Intro to Info Technology,24663,18,Y,NA,4.77,13,Ds,11.10%
2018,University College,201822,1,GEN-175-031,Intro to Info Technology,24663,18,Y,NA,4.77,13,Fs,11.10%
2018,University College,201822,1,GEN-175-031,Intro to Info Technology,24663,18,Y,NA,4.77,13,Ps,0.00%
2018,University College,201822,1,GEN-175-031,Intro to Info Technology,24663,18,Y,NA,4.77,13,NPs,0.00%
2018,University College,201823,1,GEN-175-001,Intro to Info Technology,23209,23,Y,NA,4.81,16,As,50.00%
2018,University College,201823,1,GEN-175-001,Intro to Info Technology,23209,23,Y,NA,4.81,16,Bs,31.80%
2018,University College,201823,1,GEN-175-001,Intro to Info Technology,23209,23,Y,NA,4.81,16,Cs,18.20%
2018,University College,201823,1,GEN-175-001,Intro to Info Technology,23209,23,Y,NA,4.81,16,Ds,0.00%
2018,University College,201823,1,GEN-175-001,Intro to Info Technology,23209,23,Y,NA,4.81,16,Fs,0.00%
2018,University College,201823,1,GEN-175-001,Intro to Info Technology,23209,23,Y,NA,4.81,16,Ps,0.00%
2018,University College,201823,1,GEN-175-001,Intro to Info Technology,23209,23,Y,NA,4.81,16,NPs,0.00%
2019,University College,201921,1,GEN-175-009,Intro to Info Technology,23562,32,Y,NA,4.5,26,As,22.60%
2019,University College,201921,1,GEN-175-009,Intro to Info Technology,23562,32,Y,NA,4.5,26,Bs,32.30%
2019,University College,201921,1,GEN-175-009,Intro to Info Technology,23562,32,Y,NA,4.5,26,Cs,29.00%
2019,University College,201921,1,GEN-175-009,Intro to Info Technology,23562,32,Y,NA,4.5,26,Ds,12.90%
2019,University College,201921,1,GEN-175-009,Intro to Info Technology,23562,32,Y,NA,4.5,26,Fs,3.20%
2019,University College,201921,1,GEN-175-009,Intro to Info Technology,23562,32,Y,NA,4.5,26,Ps,0.00%
2019,University College,201921,1,GEN-175-009,Intro to Info Technology,23562,32,Y,NA,4.5,26,NPs,0.00%
2019,University College,201921,1,GEN-175-004,Intro to Info Technology,24035,32,Y,NA,4.33,12,As,15.60%
2019,University College,201921,1,GEN-175-004,Intro to Info Technology,24035,32,Y,NA,4.33,12,Bs,18.80%
2019,University College,201921,1,GEN-175-004,Intro to Info Technology,24035,32,Y,NA,4.33,12,Cs,31.30%
2019,University College,201921,1,GEN-175-004,Intro to Info Technology,24035,32,Y,NA,4.33,12,Ds,15.60%
2019,University College,201921,1,GEN-175-004,Intro to Info Technology,24035,32,Y,NA,4.33,12,Fs,18.80%
2019,University College,201921,1,GEN-175-004,Intro to Info Technology,24035,32,Y,NA,4.33,12,Ps,0.00%
2019,University College,201921,1,GEN-175-004,Intro to Info Technology,24035,32,Y,NA,4.33,12,NPs,0.00%
2019,University College,201921,1,GEN-175-005,Intro to Info Technology,23547,21,Y,NA,4,8,As,9.50%
2019,University College,201921,1,GEN-175-005,Intro to Info Technology,23547,21,Y,NA,4,8,Bs,19.00%
2019,University College,201921,1,GEN-175-005,Intro to Info Technology,23547,21,Y,NA,4,8,Cs,33.30%
2019,University College,201921,1,GEN-175-005,Intro to Info Technology,23547,21,Y,NA,4,8,Ds,14.30%
2019,University College,201921,1,GEN-175-005,Intro to Info Technology,23547,21,Y,NA,4,8,Fs,23.80%
2019,University College,201921,1,GEN-175-005,Intro to Info Technology,23547,21,Y,NA,4,8,Ps,0.00%
2019,University College,201921,1,GEN-175-005,Intro to Info Technology,23547,21,Y,NA,4,8,NPs,0.00%
2019,University College,201921,1,GEN-175-010,Intro to Info Technology,24039,32,Y,NA,4.56,16,As,25.00%
2019,University College,201921,1,GEN-175-010,Intro to Info Technology,24039,32,Y,NA,4.56,16,Bs,34.40%
2019,University College,201921,1,GEN-175-010,Intro to Info Technology,24039,32,Y,NA,4.56,16,Cs,28.10%
2019,University College,201921,1,GEN-175-010,Intro to Info Technology,24039,32,Y,NA,4.56,16,Ds,3.10%
2019,University College,201921,1,GEN-175-010,Intro to Info Technology,24039,32,Y,NA,4.56,16,Fs,9.40%
2019,University College,201921,1,GEN-175-010,Intro to Info Technology,24039,32,Y,NA,4.56,16,Ps,0.00%
2019,University College,201921,1,GEN-175-010,Intro to Info Technology,24039,32,Y,NA,4.56,16,NPs,0.00%
2019,University College,201921,1,GEN-175-903,Intro to Info Technology,23772,31,Y,NA,4.64,14,As,36.70%
2019,University College,201921,1,GEN-175-903,Intro to Info Technology,23772,31,Y,NA,4.64,14,Bs,16.70%
2019,University College,201921,1,GEN-175-903,Intro to Info Technology,23772,31,Y,NA,4.64,14,Cs,13.30%
2019,University College,201921,1,GEN-175-903,Intro to Info Technology,23772,31,Y,NA,4.64,14,Ds,3.30%
2019,University College,201921,1,GEN-175-903,Intro to Info Technology,23772,31,Y,NA,4.64,14,Fs,30.00%
2019,University College,201921,1,GEN-175-903,Intro to Info Technology,23772,31,Y,NA,4.64,14,Ps,0.00%
2019,University College,201921,1,GEN-175-903,Intro to Info Technology,23772,31,Y,NA,4.64,14,NPs,0.00%
2019,University College,201921,1,GEN-110-024,Data Management and Analysis,32211,32,Y,NA,4.26,19,As,18.80%
2019,University College,201921,1,GEN-110-024,Data Management and Analysis,32211,32,Y,NA,4.26,19,Bs,31.30%
2019,University College,201921,1,GEN-110-024,Data Management and Analysis,32211,32,Y,NA,4.26,19,Cs,15.60%
2019,University College,201921,1,GEN-110-024,Data Management and Analysis,32211,32,Y,NA,4.26,19,Ds,12.50%
2019,University College,201921,1,GEN-110-024,Data Management and Analysis,32211,32,Y,NA,4.26,19,Fs,21.90%
2019,University College,201921,1,GEN-110-024,Data Management and Analysis,32211,32,Y,NA,4.26,19,Ps,0.00%
2019,University College,201921,1,GEN-110-024,Data Management and Analysis,32211,32,Y,NA,4.26,19,NPs,0.00%
2019,University College,201922,1,GEN-175-036,Intro to Info Technology,21991,28,Y,NA,4.52,21,As,60.70%
2019,University College,201922,1,GEN-175-036,Intro to Info Technology,21991,28,Y,NA,4.52,21,Bs,17.90%
2019,University College,201922,1,GEN-175-036,Intro to Info Technology,21991,28,Y,NA,4.52,21,Cs,3.60%
2019,University College,201922,1,GEN-175-036,Intro to Info Technology,21991,28,Y,NA,4.52,21,Ds,0.00%
2019,University College,201922,1,GEN-175-036,Intro to Info Technology,21991,28,Y,NA,4.52,21,Fs,7.10%
2019,University College,201922,1,GEN-175-036,Intro to Info Technology,21991,28,Y,NA,4.52,21,Ps,10.70%
2019,University College,201922,1,GEN-175-036,Intro to Info Technology,21991,28,Y,NA,4.52,21,NPs,0.00%
2019,University College,201922,1,GEN-175-909,Intro to Info Technology,22024,29,Y,NA,4.57,14,As,44.80%
2019,University College,201922,1,GEN-175-909,Intro to Info Technology,22024,29,Y,NA,4.57,14,Bs,13.80%
2019,University College,201922,1,GEN-175-909,Intro to Info Technology,22024,29,Y,NA,4.57,14,Cs,3.40%
2019,University College,201922,1,GEN-175-909,Intro to Info Technology,22024,29,Y,NA,4.57,14,Ds,0.00%
2019,University College,201922,1,GEN-175-909,Intro to Info Technology,22024,29,Y,NA,4.57,14,Fs,3.40%
2019,University College,201922,1,GEN-175-909,Intro to Info Technology,22024,29,Y,NA,4.57,14,Ps,17.20%
2019,University College,201922,1,GEN-175-909,Intro to Info Technology,22024,29,Y,NA,4.57,14,NPs,17.20%
2019,University College,201922,1,GEN-175-024,Intro to Info Technology,21450,28,Y,NA,4.67,18,As,46.40%
2019,University College,201922,1,GEN-175-024,Intro to Info Technology,21450,28,Y,NA,4.67,18,Bs,21.40%
2019,University College,201922,1,GEN-175-024,Intro to Info Technology,21450,28,Y,NA,4.67,18,Cs,7.10%
2019,University College,201922,1,GEN-175-024,Intro to Info Technology,21450,28,Y,NA,4.67,18,Ds,0.00%
2019,University College,201922,1,GEN-175-024,Intro to Info Technology,21450,28,Y,NA,4.67,18,Fs,3.60%
2019,University College,201922,1,GEN-175-024,Intro to Info Technology,21450,28,Y,NA,4.67,18,Ps,21.40%
2019,University College,201922,1,GEN-175-024,Intro to Info Technology,21450,28,Y,NA,4.67,18,NPs,0.00%
2019,University College,201922,1,GEN-175-025,Intro to Info Technology,21989,28,Y,NA,5,15,As,59.30%
2019,University College,201922,1,GEN-175-025,Intro to Info Technology,21989,28,Y,NA,5,15,Bs,18.50%
2019,University College,201922,1,GEN-175-025,Intro to Info Technology,21989,28,Y,NA,5,15,Cs,0.00%
2019,University College,201922,1,GEN-175-025,Intro to Info Technology,21989,28,Y,NA,5,15,Ds,0.00%
2019,University College,201922,1,GEN-175-025,Intro to Info Technology,21989,28,Y,NA,5,15,Fs,14.80%
2019,University College,201922,1,GEN-175-025,Intro to Info Technology,21989,28,Y,NA,5,15,Ps,7.40%
2019,University College,201922,1,GEN-175-025,Intro to Info Technology,21989,28,Y,NA,5,15,NPs,0.00%
2019,University College,201922,1,GEN-175-038,Intro to Info Technology,22015,29,Y,NA,4.71,21,As,44.80%
2019,University College,201922,1,GEN-175-038,Intro to Info Technology,22015,29,Y,NA,4.71,21,Bs,24.10%
2019,University College,201922,1,GEN-175-038,Intro to Info Technology,22015,29,Y,NA,4.71,21,Cs,0.00%
2019,University College,201922,1,GEN-175-038,Intro to Info Technology,22015,29,Y,NA,4.71,21,Ds,0.00%
2019,University College,201922,1,GEN-175-038,Intro to Info Technology,22015,29,Y,NA,4.71,21,Fs,0.00%
2019,University College,201922,1,GEN-175-038,Intro to Info Technology,22015,29,Y,NA,4.71,21,Ps,24.10%
2019,University College,201922,1,GEN-175-038,Intro to Info Technology,22015,29,Y,NA,4.71,21,NPs,6.90%
2019,University College,201922,1,GEN-175-042,Intro to Info Technology,22026,28,Y,NA,4.62,21,As,53.60%
2019,University College,201922,1,GEN-175-042,Intro to Info Technology,22026,28,Y,NA,4.62,21,Bs,7.10%
2019,University College,201922,1,GEN-175-042,Intro to Info Technology,22026,28,Y,NA,4.62,21,Cs,0.00%
2019,University College,201922,1,GEN-175-042,Intro to Info Technology,22026,28,Y,NA,4.62,21,Ds,0.00%
2019,University College,201922,1,GEN-175-042,Intro to Info Technology,22026,28,Y,NA,4.62,21,Fs,3.60%
2019,University College,201922,1,GEN-175-042,Intro to Info Technology,22026,28,Y,NA,4.62,21,Ps,25.00%
2019,University College,201922,1,GEN-175-042,Intro to Info Technology,22026,28,Y,NA,4.62,21,NPs,10.70%
2020,University College,202021,1,GEN-175-901,Intro to Info Technology,21713,24,Y,NA,4.8,5,As,13.60%
2020,University College,202021,1,GEN-175-901,Intro to Info Technology,21713,24,Y,NA,4.8,5,Bs,36.40%
2020,University College,202021,1,GEN-175-901,Intro to Info Technology,21713,24,Y,NA,4.8,5,Cs,9.10%
2020,University College,202021,1,GEN-175-901,Intro to Info Technology,21713,24,Y,NA,4.8,5,Ds,0.00%
2020,University College,202021,1,GEN-175-901,Intro to Info Technology,21713,24,Y,NA,4.8,5,Fs,0.00%
2020,University College,202021,1,GEN-175-901,Intro to Info Technology,21713,24,Y,NA,4.8,5,Ps,4.50%
2020,University College,202021,1,GEN-175-901,Intro to Info Technology,21713,24,Y,NA,4.8,5,NPs,36.40%
2020,University College,202021,1,GEN-175-902,Intro to Info Technology,20823,24,Y,NA,4.75,8,As,43.50%
2020,University College,202021,1,GEN-175-902,Intro to Info Technology,20823,24,Y,NA,4.75,8,Bs,13.00%
2020,University College,202021,1,GEN-175-902,Intro to Info Technology,20823,24,Y,NA,4.75,8,Cs,8.70%
2020,University College,202021,1,GEN-175-902,Intro to Info Technology,20823,24,Y,NA,4.75,8,Ds,4.30%
2020,University College,202021,1,GEN-175-902,Intro to Info Technology,20823,24,Y,NA,4.75,8,Fs,0.00%
2020,University College,202021,1,GEN-175-902,Intro to Info Technology,20823,24,Y,NA,4.75,8,Ps,17.40%
2020,University College,202021,1,GEN-175-902,Intro to Info Technology,20823,24,Y,NA,4.75,8,NPs,13.00%
2020,University College,202021,1,GEN-175-903,Intro to Info Technology,21003,24,Y,NA,4.64,14,As,54.20%
2020,University College,202021,1,GEN-175-903,Intro to Info Technology,21003,24,Y,NA,4.64,14,Bs,8.30%
2020,University College,202021,1,GEN-175-903,Intro to Info Technology,21003,24,Y,NA,4.64,14,Cs,0.00%
2020,University College,202021,1,GEN-175-903,Intro to Info Technology,21003,24,Y,NA,4.64,14,Ds,0.00%
2020,University College,202021,1,GEN-175-903,Intro to Info Technology,21003,24,Y,NA,4.64,14,Fs,0.00%
2020,University College,202021,1,GEN-175-903,Intro to Info Technology,21003,24,Y,NA,4.64,14,Ps,29.20%
2020,University College,202021,1,GEN-175-903,Intro to Info Technology,21003,24,Y,NA,4.64,14,NPs,8.30%
2020,University College,202021,1,GEN-110-908,Data Management and Analysis,22184,25,Y,NA,4.2,5,As,18.20%
2020,University College,202021,1,GEN-110-908,Data Management and Analysis,22184,25,Y,NA,4.2,5,Bs,22.70%
2020,University College,202021,1,GEN-110-908,Data Management and Analysis,22184,25,Y,NA,4.2,5,Cs,4.50%
2020,University College,202021,1,GEN-110-908,Data Management and Analysis,22184,25,Y,NA,4.2,5,Ds,0.00%
2020,University College,202021,1,GEN-110-908,Data Management and Analysis,22184,25,Y,NA,4.2,5,Fs,0.00%
2020,University College,202021,1,GEN-110-908,Data Management and Analysis,22184,25,Y,NA,4.2,5,Ps,18.20%
2020,University College,202021,1,GEN-110-908,Data Management and Analysis,22184,25,Y,NA,4.2,5,NPs,36.40%
2020,University College,202021,1,GEN-175-015,Intro to Info Technology,20819,26,Y,NA,4.75,12,As,12.50%
2020,University College,202021,1,GEN-175-015,Intro to Info Technology,20819,26,Y,NA,4.75,12,Bs,45.80%
2020,University College,202021,1,GEN-175-015,Intro to Info Technology,20819,26,Y,NA,4.75,12,Cs,8.30%
2020,University College,202021,1,GEN-175-015,Intro to Info Technology,20819,26,Y,NA,4.75,12,Ds,4.20%
2020,University College,202021,1,GEN-175-015,Intro to Info Technology,20819,26,Y,NA,4.75,12,Fs,0.00%
2020,University College,202021,1,GEN-175-015,Intro to Info Technology,20819,26,Y,NA,4.75,12,Ps,20.80%
2020,University College,202021,1,GEN-175-015,Intro to Info Technology,20819,26,Y,NA,4.75,12,NPs,8.30%
2020,University College,202022,1,GEN-175-002,Intro to Info Technology,20739,26,Y,NA,4.73,15,As,26.90%
2020,University College,202022,1,GEN-175-002,Intro to Info Technology,20739,26,Y,NA,4.73,15,Bs,34.60%
2020,University College,202022,1,GEN-175-002,Intro to Info Technology,20739,26,Y,NA,4.73,15,Cs,23.10%
2020,University College,202022,1,GEN-175-002,Intro to Info Technology,20739,26,Y,NA,4.73,15,Ds,11.50%
2020,University College,202022,1,GEN-175-002,Intro to Info Technology,20739,26,Y,NA,4.73,15,Fs,3.80%
2020,University College,202022,1,GEN-175-002,Intro to Info Technology,20739,26,Y,NA,4.73,15,Ps,0.00%
2020,University College,202022,1,GEN-175-002,Intro to Info Technology,20739,26,Y,NA,4.73,15,NPs,0.00%
2020,University College,202022,1,GEN-175-904,Intro to Info Technology,22936,27,Y,NA,4.86,7,As,16.00%
2020,University College,202022,1,GEN-175-904,Intro to Info Technology,22936,27,Y,NA,4.86,7,Bs,36.00%
2020,University College,202022,1,GEN-175-904,Intro to Info Technology,22936,27,Y,NA,4.86,7,Cs,16.00%
2020,University College,202022,1,GEN-175-904,Intro to Info Technology,22936,27,Y,NA,4.86,7,Ds,12.00%
2020,University College,202022,1,GEN-175-904,Intro to Info Technology,22936,27,Y,NA,4.86,7,Fs,20.00%
2020,University College,202022,1,GEN-175-904,Intro to Info Technology,22936,27,Y,NA,4.86,7,Ps,0.00%
2020,University College,202022,1,GEN-175-904,Intro to Info Technology,22936,27,Y,NA,4.86,7,NPs,0.00%
2020,University College,202022,1,GEN-175-003,Intro to Info Technology,20740,25,Y,NA,4.07,15,As,24.00%
2020,University College,202022,1,GEN-175-003,Intro to Info Technology,20740,25,Y,NA,4.07,15,Bs,52.00%
2020,University College,202022,1,GEN-175-003,Intro to Info Technology,20740,25,Y,NA,4.07,15,Cs,8.00%
2020,University College,202022,1,GEN-175-003,Intro to Info Technology,20740,25,Y,NA,4.07,15,Ds,4.00%
2020,University College,202022,1,GEN-175-003,Intro to Info Technology,20740,25,Y,NA,4.07,15,Fs,12.00%
2020,University College,202022,1,GEN-175-003,Intro to Info Technology,20740,25,Y,NA,4.07,15,Ps,0.00%
2020,University College,202022,1,GEN-175-003,Intro to Info Technology,20740,25,Y,NA,4.07,15,NPs,0.00%
2020,University College,202022,1,GEN-175-007,Intro to Info Technology,20743,25,Y,NA,4.64,11,As,40.00%
2020,University College,202022,1,GEN-175-007,Intro to Info Technology,20743,25,Y,NA,4.64,11,Bs,48.00%
2020,University College,202022,1,GEN-175-007,Intro to Info Technology,20743,25,Y,NA,4.64,11,Cs,8.00%
2020,University College,202022,1,GEN-175-007,Intro to Info Technology,20743,25,Y,NA,4.64,11,Ds,0.00%
2020,University College,202022,1,GEN-175-007,Intro to Info Technology,20743,25,Y,NA,4.64,11,Fs,4.00%
2020,University College,202022,1,GEN-175-007,Intro to Info Technology,20743,25,Y,NA,4.64,11,Ps,0.00%
2020,University College,202022,1,GEN-175-007,Intro to Info Technology,20743,25,Y,NA,4.64,11,NPs,0.00%
2020,Technological Innovation ,202022,1,CIT-210-004,Essentials of IT and Infrastru,20481,30,Y,NA,4.88,16,As,10.00%
2020,Technological Innovation ,202022,1,CIT-210-004,Essentials of IT and Infrastru,20481,30,Y,NA,4.88,16,Bs,26.70%
2020,Technological Innovation ,202022,1,CIT-210-004,Essentials of IT and Infrastru,20481,30,Y,NA,4.88,16,Cs,33.30%
2020,Technological Innovation ,202022,1,CIT-210-004,Essentials of IT and Infrastru,20481,30,Y,NA,4.88,16,Ds,23.30%
2020,Technological Innovation ,202022,1,CIT-210-004,Essentials of IT and Infrastru,20481,30,Y,NA,4.88,16,Fs,6.70%
2020,Technological Innovation ,202022,1,CIT-210-004,Essentials of IT and Infrastru,20481,30,Y,NA,4.88,16,Ps,0.00%
2020,Technological Innovation ,202022,1,CIT-210-004,Essentials of IT and Infrastru,20481,30,Y,NA,4.88,16,NPs,0.00%
2021,Technological Innovation ,202121,1,CIT-210-011,Essentials of IT and Infrastru,28684,30,Y,NA,4.64,14,As,13.30%
2021,Technological Innovation ,202121,1,CIT-210-011,Essentials of IT and Infrastru,28684,30,Y,NA,4.64,14,Bs,36.70%
2021,Technological Innovation ,202121,1,CIT-210-011,Essentials of IT and Infrastru,28684,30,Y,NA,4.64,14,Cs,20.00%
2021,Technological Innovation ,202121,1,CIT-210-011,Essentials of IT and Infrastru,28684,30,Y,NA,4.64,14,Ds,13.30%
2021,Technological Innovation ,202121,1,CIT-210-011,Essentials of IT and Infrastru,28684,30,Y,NA,4.64,14,Fs,16.70%
2021,Technological Innovation ,202121,1,CIT-210-011,Essentials of IT and Infrastru,28684,30,Y,NA,4.64,14,Ps,0.00%
2021,Technological Innovation ,202121,1,CIT-210-011,Essentials of IT and Infrastru,28684,30,Y,NA,4.64,14,NPs,0.00%
2021,Technological Innovation ,202121,1,SWE-321-003,OOP Lab,27323,20,Y,NA,4.14,7,As,15.00%
2021,Technological Innovation ,202121,1,SWE-321-003,OOP Lab,27323,20,Y,NA,4.14,7,Bs,35.00%
2021,Technological Innovation ,202121,1,SWE-321-003,OOP Lab,27323,20,Y,NA,4.14,7,Cs,10.00%
2021,Technological Innovation ,202121,1,SWE-321-003,OOP Lab,27323,20,Y,NA,4.14,7,Ds,5.00%
2021,Technological Innovation ,202121,1,SWE-321-003,OOP Lab,27323,20,Y,NA,4.14,7,Fs,35.00%
2021,Technological Innovation ,202121,1,SWE-321-003,OOP Lab,27323,20,Y,NA,4.14,7,Ps,0.00%
2021,Technological Innovation ,202121,1,SWE-321-003,OOP Lab,27323,20,Y,NA,4.14,7,NPs,0.00%
2021,Technological Innovation ,202121,1,SWE-321-004,OOP Lab,28760,20,Y,NA,3.9,10,As,40.00%
2021,Technological Innovation ,202121,1,SWE-321-004,OOP Lab,28760,20,Y,NA,3.9,10,Bs,15.00%
2021,Technological Innovation ,202121,1,SWE-321-004,OOP Lab,28760,20,Y,NA,3.9,10,Cs,20.00%
2021,Technological Innovation ,202121,1,SWE-321-004,OOP Lab,28760,20,Y,NA,3.9,10,Ds,15.00%
2021,Technological Innovation ,202121,1,SWE-321-004,OOP Lab,28760,20,Y,NA,3.9,10,Fs,10.00%
2021,Technological Innovation ,202121,1,SWE-321-004,OOP Lab,28760,20,Y,NA,3.9,10,Ps,0.00%
2021,Technological Innovation ,202121,1,SWE-321-004,OOP Lab,28760,20,Y,NA,3.9,10,NPs,0.00%
2021,Technological Innovation ,202121,1,SWE-321-005,OOP Lab,28762,24,Y,NA,4,8,As,16.70%
2021,Technological Innovation ,202121,1,SWE-321-005,OOP Lab,28762,24,Y,NA,4,8,Bs,58.30%
2021,Technological Innovation ,202121,1,SWE-321-005,OOP Lab,28762,24,Y,NA,4,8,Cs,20.80%
2021,Technological Innovation ,202121,1,SWE-321-005,OOP Lab,28762,24,Y,NA,4,8,Ds,4.20%
2021,Technological Innovation ,202121,1,SWE-321-005,OOP Lab,28762,24,Y,NA,4,8,Fs,0.00%
2021,Technological Innovation ,202121,1,SWE-321-005,OOP Lab,28762,24,Y,NA,4,8,Ps,0.00%
2021,Technological Innovation ,202121,1,SWE-321-005,OOP Lab,28762,24,Y,NA,4,8,NPs,0.00%
2021,Technological Innovation ,202121,1,SWE-321-006,OOP Lab,28764,21,Y,NA,4.14,7,As,0.00%
2021,Technological Innovation ,202121,1,SWE-321-006,OOP Lab,28764,21,Y,NA,4.14,7,Bs,21.10%
2021,Technological Innovation ,202121,1,SWE-321-006,OOP Lab,28764,21,Y,NA,4.14,7,Cs,31.60%
2021,Technological Innovation ,202121,1,SWE-321-006,OOP Lab,28764,21,Y,NA,4.14,7,Ds,10.50%
2021,Technological Innovation ,202121,1,SWE-321-006,OOP Lab,28764,21,Y,NA,4.14,7,Fs,36.80%
2021,Technological Innovation ,202121,1,SWE-321-006,OOP Lab,28764,21,Y,NA,4.14,7,Ps,0.00%
2021,Technological Innovation ,202121,1,SWE-321-006,OOP Lab,28764,21,Y,NA,4.14,7,NPs,0.00%
2021,Technological Innovation ,202121,1,SWE-321-904,OOP Lab,28774,24,Y,NA,3.8,5,As,33.30%
2021,Technological Innovation ,202121,1,SWE-321-904,OOP Lab,28774,24,Y,NA,3.8,5,Bs,41.70%
2021,Technological Innovation ,202121,1,SWE-321-904,OOP Lab,28774,24,Y,NA,3.8,5,Cs,12.50%
2021,Technological Innovation ,202121,1,SWE-321-904,OOP Lab,28774,24,Y,NA,3.8,5,Ds,4.20%
2021,Technological Innovation ,202121,1,SWE-321-904,OOP Lab,28774,24,Y,NA,3.8,5,Fs,8.30%
2021,Technological Innovation ,202121,1,SWE-321-904,OOP Lab,28774,24,Y,NA,3.8,5,Ps,0.00%
2021,Technological Innovation ,202121,1,SWE-321-904,OOP Lab,28774,24,Y,NA,3.8,5,NPs,0.00%
2021,Technological Innovation ,202121,1,GEN-175-904,Intro to Info Technology,27086,17,Y,NA,4,2,As,18.80%
2021,Technological Innovation ,202121,1,GEN-175-904,Intro to Info Technology,27086,17,Y,NA,4,2,Bs,18.80%
2021,Technological Innovation ,202121,1,GEN-175-904,Intro to Info Technology,27086,17,Y,NA,4,2,Cs,12.50%
2021,Technological Innovation ,202121,1,GEN-175-904,Intro to Info Technology,27086,17,Y,NA,4,2,Ds,12.50%
2021,Technological Innovation ,202121,1,GEN-175-904,Intro to Info Technology,27086,17,Y,NA,4,2,Fs,37.50%
2021,Technological Innovation ,202121,1,GEN-175-904,Intro to Info Technology,27086,17,Y,NA,4,2,Ps,0.00%
2021,Technological Innovation ,202121,1,GEN-175-904,Intro to Info Technology,27086,17,Y,NA,4,2,NPs,0.00%
2021,Technological Innovation ,202122,1,CIT-210-004,Essentials of IT and Infrastru,22562,26,Y,NA,3.75,8,As,16.00%
2021,Technological Innovation ,202122,1,CIT-210-004,Essentials of IT and Infrastru,22562,26,Y,NA,3.75,8,Bs,20.00%
2021,Technological Innovation ,202122,1,CIT-210-004,Essentials of IT and Infrastru,22562,26,Y,NA,3.75,8,Cs,24.00%
2021,Technological Innovation ,202122,1,CIT-210-004,Essentials of IT and Infrastru,22562,26,Y,NA,3.75,8,Ds,20.00%
2021,Technological Innovation ,202122,1,CIT-210-004,Essentials of IT and Infrastru,22562,26,Y,NA,3.75,8,Fs,20.00%
2021,Technological Innovation ,202122,1,CIT-210-004,Essentials of IT and Infrastru,22562,26,Y,NA,3.75,8,Ps,0.00%
2021,Technological Innovation ,202122,1,CIT-210-004,Essentials of IT and Infrastru,22562,26,Y,NA,3.75,8,NPs,0.00%
2021,Technological Innovation ,202122,1,GEN-175-005,Intro to Info Technology,22594,30,Y,NA,4.56,9,As,43.30%
2021,Technological Innovation ,202122,1,GEN-175-005,Intro to Info Technology,22594,30,Y,NA,4.56,9,Bs,20.00%
2021,Technological Innovation ,202122,1,GEN-175-005,Intro to Info Technology,22594,30,Y,NA,4.56,9,Cs,6.70%
2021,Technological Innovation ,202122,1,GEN-175-005,Intro to Info Technology,22594,30,Y,NA,4.56,9,Ds,3.30%
2021,Technological Innovation ,202122,1,GEN-175-005,Intro to Info Technology,22594,30,Y,NA,4.56,9,Fs,26.70%
2021,Technological Innovation ,202122,1,GEN-175-005,Intro to Info Technology,22594,30,Y,NA,4.56,9,Ps,0.00%
2021,Technological Innovation ,202122,1,GEN-175-005,Intro to Info Technology,22594,30,Y,NA,4.56,9,NPs,0.00%
2021,Technological Innovation ,202122,1,GEN-175-002,Intro to Info Technology,22751,30,Y,NA,4.78,9,As,30.00%
2021,Technological Innovation ,202122,1,GEN-175-002,Intro to Info Technology,22751,30,Y,NA,4.78,9,Bs,36.70%
2021,Technological Innovation ,202122,1,GEN-175-002,Intro to Info Technology,22751,30,Y,NA,4.78,9,Cs,30.00%
2021,Technological Innovation ,202122,1,GEN-175-002,Intro to Info Technology,22751,30,Y,NA,4.78,9,Ds,3.30%
2021,Technological Innovation ,202122,1,GEN-175-002,Intro to Info Technology,22751,30,Y,NA,4.78,9,Fs,0.00%
2021,Technological Innovation ,202122,1,GEN-175-002,Intro to Info Technology,22751,30,Y,NA,4.78,9,Ps,0.00%
2021,Technological Innovation ,202122,1,GEN-175-002,Intro to Info Technology,22751,30,Y,NA,4.78,9,NPs,0.00%
2021,Technological Innovation ,202122,1,GEN-175-902,Intro to Info Technology,22596,29,Y,NA,4.67,6,As,30.80%
2021,Technological Innovation ,202122,1,GEN-175-902,Intro to Info Technology,22596,29,Y,NA,4.67,6,Bs,15.40%
2021,Technological Innovation ,202122,1,GEN-175-902,Intro to Info Technology,22596,29,Y,NA,4.67,6,Cs,0.00%
2021,Technological Innovation ,202122,1,GEN-175-902,Intro to Info Technology,22596,29,Y,NA,4.67,6,Ds,11.50%
2021,Technological Innovation ,202122,1,GEN-175-902,Intro to Info Technology,22596,29,Y,NA,4.67,6,Fs,42.30%
2021,Technological Innovation ,202122,1,GEN-175-902,Intro to Info Technology,22596,29,Y,NA,4.67,6,Ps,0.00%
2021,Technological Innovation ,202122,1,GEN-175-902,Intro to Info Technology,22596,29,Y,NA,4.67,6,NPs,0.00%
2021,Technological Innovation ,202122,1,SWE-321-006,OOP Lab,25363,14,Y,NA,4,5,As,21.40%
2021,Technological Innovation ,202122,1,SWE-321-006,OOP Lab,25363,14,Y,NA,4,5,Bs,28.60%
2021,Technological Innovation ,202122,1,SWE-321-006,OOP Lab,25363,14,Y,NA,4,5,Cs,21.40%
2021,Technological Innovation ,202122,1,SWE-321-006,OOP Lab,25363,14,Y,NA,4,5,Ds,14.30%
2021,Technological Innovation ,202122,1,SWE-321-006,OOP Lab,25363,14,Y,NA,4,5,Fs,14.30%
2021,Technological Innovation ,202122,1,SWE-321-006,OOP Lab,25363,14,Y,NA,4,5,Ps,0.00%
2021,Technological Innovation ,202122,1,SWE-321-006,OOP Lab,25363,14,Y,NA,4,5,NPs,0.00%
2021,Technological Innovation ,202122,1,SWE-321-905,OOP Lab,24138,14,Y,NA,4.8,5,As,28.60%
2021,Technological Innovation ,202122,1,SWE-321-905,OOP Lab,24138,14,Y,NA,4.8,5,Bs,21.40%
2021,Technological Innovation ,202122,1,SWE-321-905,OOP Lab,24138,14,Y,NA,4.8,5,Cs,50.00%
2021,Technological Innovation ,202122,1,SWE-321-905,OOP Lab,24138,14,Y,NA,4.8,5,Ds,0.00%
2021,Technological Innovation ,202122,1,SWE-321-905,OOP Lab,24138,14,Y,NA,4.8,5,Fs,0.00%
2021,Technological Innovation ,202122,1,SWE-321-905,OOP Lab,24138,14,Y,NA,4.8,5,Ps,0.00%
2021,Technological Innovation ,202122,1,SWE-321-905,OOP Lab,24138,14,Y,NA,4.8,5,NPs,0.00%
2022,Technological Innovation ,202221,1,GEN-175-001,Intro to Info Technology,40986,24,Y,NA,3.33,6,As,16.70%
2022,Technological Innovation ,202221,1,GEN-175-001,Intro to Info Technology,40986,24,Y,NA,3.33,6,Bs,41.70%
2022,Technological Innovation ,202221,1,GEN-175-001,Intro to Info Technology,40986,24,Y,NA,3.33,6,Cs,25.00%
2022,Technological Innovation ,202221,1,GEN-175-001,Intro to Info Technology,40986,24,Y,NA,3.33,6,Ds,4.20%
2022,Technological Innovation ,202221,1,GEN-175-001,Intro to Info Technology,40986,24,Y,NA,3.33,6,Fs,12.50%
2022,Technological Innovation ,202221,1,GEN-175-001,Intro to Info Technology,40986,24,Y,NA,3.33,6,Ps,0.00%
2022,Technological Innovation ,202221,1,GEN-175-001,Intro to Info Technology,40986,24,Y,NA,3.33,6,NPs,0.00%
2022,Technological Innovation ,202221,1,SWE-321-904,OOP Lab,42731,17,Y,NA,3.67,6,As,12.50%
2022,Technological Innovation ,202221,1,SWE-321-904,OOP Lab,42731,17,Y,NA,3.67,6,Bs,25.00%
2022,Technological Innovation ,202221,1,SWE-321-904,OOP Lab,42731,17,Y,NA,3.67,6,Cs,50.00%
2022,Technological Innovation ,202221,1,SWE-321-904,OOP Lab,42731,17,Y,NA,3.67,6,Ds,0.00%
2022,Technological Innovation ,202221,1,SWE-321-904,OOP Lab,42731,17,Y,NA,3.67,6,Fs,12.50%
2022,Technological Innovation ,202221,1,SWE-321-904,OOP Lab,42731,17,Y,NA,3.67,6,Ps,0.00%
2022,Technological Innovation ,202221,1,SWE-321-904,OOP Lab,42731,17,Y,NA,3.67,6,NPs,0.00%
2022,Technological Innovation ,202221,1,SWE-321-005,OOP Lab,42790,10,Y,NA,4.33,3,As,40.00%
2022,Technological Innovation ,202221,1,SWE-321-005,OOP Lab,42790,10,Y,NA,4.33,3,Bs,10.00%
2022,Technological Innovation ,202221,1,SWE-321-005,OOP Lab,42790,10,Y,NA,4.33,3,Cs,20.00%
2022,Technological Innovation ,202221,1,SWE-321-005,OOP Lab,42790,10,Y,NA,4.33,3,Ds,20.00%
2022,Technological Innovation ,202221,1,SWE-321-005,OOP Lab,42790,10,Y,NA,4.33,3,Fs,10.00%
2022,Technological Innovation ,202221,1,SWE-321-005,OOP Lab,42790,10,Y,NA,4.33,3,Ps,0.00%
2022,Technological Innovation ,202221,1,SWE-321-005,OOP Lab,42790,10,Y,NA,4.33,3,NPs,0.00%
2022,Technological Innovation ,202221,1,SWE-321-003,OOP Lab,42811,15,Y,NA,3.67,3,As,13.30%
2022,Technological Innovation ,202221,1,SWE-321-003,OOP Lab,42811,15,Y,NA,3.67,3,Bs,26.70%
2022,Technological Innovation ,202221,1,SWE-321-003,OOP Lab,42811,15,Y,NA,3.67,3,Cs,53.30%
2022,Technological Innovation ,202221,1,SWE-321-003,OOP Lab,42811,15,Y,NA,3.67,3,Ds,0.00%
2022,Technological Innovation ,202221,1,SWE-321-003,OOP Lab,42811,15,Y,NA,3.67,3,Fs,6.70%
2022,Technological Innovation ,202221,1,SWE-321-003,OOP Lab,42811,15,Y,NA,3.67,3,Ps,0.00%
2022,Technological Innovation ,202221,1,SWE-321-003,OOP Lab,42811,15,Y,NA,3.67,3,NPs,0.00%
2022,Technological Innovation ,202221,1,SWE-321-007,OOP Lab,42785,20,Y,NA,3.88,8,As,36.80%
2022,Technological Innovation ,202221,1,SWE-321-007,OOP Lab,42785,20,Y,NA,3.88,8,Bs,10.50%
2022,Technological Innovation ,202221,1,SWE-321-007,OOP Lab,42785,20,Y,NA,3.88,8,Cs,42.10%
2022,Technological Innovation ,202221,1,SWE-321-007,OOP Lab,42785,20,Y,NA,3.88,8,Ds,0.00%
2022,Technological Innovation ,202221,1,SWE-321-007,OOP Lab,42785,20,Y,NA,3.88,8,Fs,10.50%
2022,Technological Innovation ,202221,1,SWE-321-007,OOP Lab,42785,20,Y,NA,3.88,8,Ps,0.00%
2022,Technological Innovation ,202221,1,SWE-321-007,OOP Lab,42785,20,Y,NA,3.88,8,NPs,0.00%
2022,Technological Innovation ,202221,1,GEN-175-002,Intro to Info Technology,40987,24,Y,NA,3.88,8,As,16.70%
2022,Technological Innovation ,202221,1,GEN-175-002,Intro to Info Technology,40987,24,Y,NA,3.88,8,Bs,50.00%
2022,Technological Innovation ,202221,1,GEN-175-002,Intro to Info Technology,40987,24,Y,NA,3.88,8,Cs,20.80%
2022,Technological Innovation ,202221,1,GEN-175-002,Intro to Info Technology,40987,24,Y,NA,3.88,8,Ds,0.00%
2022,Technological Innovation ,202221,1,GEN-175-002,Intro to Info Technology,40987,24,Y,NA,3.88,8,Fs,12.50%
2022,Technological Innovation ,202221,1,GEN-175-002,Intro to Info Technology,40987,24,Y,NA,3.88,8,Ps,0.00%
2022,Technological Innovation ,202221,1,GEN-175-002,Intro to Info Technology,40987,24,Y,NA,3.88,8,NPs,0.00%
2022,Technological Innovation ,202221,1,SWE-225-006,Intro. to Program. & Prob. Sol,46553,19,Y,NA,4,5,As,10.50%
2022,Technological Innovation ,202221,1,SWE-225-006,Intro. to Program. & Prob. Sol,46553,19,Y,NA,4,5,Bs,10.50%
2022,Technological Innovation ,202221,1,SWE-225-006,Intro. to Program. & Prob. Sol,46553,19,Y,NA,4,5,Cs,52.60%
2022,Technological Innovation ,202221,1,SWE-225-006,Intro. to Program. & Prob. Sol,46553,19,Y,NA,4,5,Ds,10.50%
2022,Technological Innovation ,202221,1,SWE-225-006,Intro. to Program. & Prob. Sol,46553,19,Y,NA,4,5,Fs,15.80%
2022,Technological Innovation ,202221,1,SWE-225-006,Intro. to Program. & Prob. Sol,46553,19,Y,NA,4,5,Ps,0.00%
2022,Technological Innovation ,202221,1,SWE-225-006,Intro. to Program. & Prob. Sol,46553,19,Y,NA,4,5,NPs,0.00%
2022,Technological Innovation ,202221,3,CIT-490-904,Internship,41731,10,Y,NA,,0,As,0.00%
2022,Technological Innovation ,202221,3,CIT-490-904,Internship,41731,10,Y,NA,,0,Bs,0.00%
2022,Technological Innovation ,202221,3,CIT-490-904,Internship,41731,10,Y,NA,,0,Cs,0.00%
2022,Technological Innovation ,202221,3,CIT-490-904,Internship,41731,10,Y,NA,,0,Ds,0.00%
2022,Technological Innovation ,202221,3,CIT-490-904,Internship,41731,10,Y,NA,,0,Fs,0.00%
2022,Technological Innovation ,202221,3,CIT-490-904,Internship,41731,10,Y,NA,,0,Ps,100.00%
2022,Technological Innovation ,202221,3,CIT-490-904,Internship,41731,10,Y,NA,,0,NPs,0.00%
2022,Technological Innovation ,202222,1,GEN-175-002,Intro to Info Technology,20432,23,Y,NA,4.25,4,As,18.20%
2022,Technological Innovation ,202222,1,GEN-175-002,Intro to Info Technology,20432,23,Y,NA,4.25,4,Bs,31.80%
2022,Technological Innovation ,202222,1,GEN-175-002,Intro to Info Technology,20432,23,Y,NA,4.25,4,Cs,27.30%
2022,Technological Innovation ,202222,1,GEN-175-002,Intro to Info Technology,20432,23,Y,NA,4.25,4,Ds,18.20%
2022,Technological Innovation ,202222,1,GEN-175-002,Intro to Info Technology,20432,23,Y,NA,4.25,4,Fs,4.50%
2022,Technological Innovation ,202222,1,GEN-175-002,Intro to Info Technology,20432,23,Y,NA,4.25,4,Ps,0.00%
2022,Technological Innovation ,202222,1,GEN-175-002,Intro to Info Technology,20432,23,Y,NA,4.25,4,NPs,0.00%
2022,Technological Innovation ,202222,1,SWE-321-905,OOP Lab,21469,18,Y,NA,4.33,3,As,11.80%
2022,Technological Innovation ,202222,1,SWE-321-905,OOP Lab,21469,18,Y,NA,4.33,3,Bs,47.10%
2022,Technological Innovation ,202222,1,SWE-321-905,OOP Lab,21469,18,Y,NA,4.33,3,Cs,23.50%
2022,Technological Innovation ,202222,1,SWE-321-905,OOP Lab,21469,18,Y,NA,4.33,3,Ds,11.80%
2022,Technological Innovation ,202222,1,SWE-321-905,OOP Lab,21469,18,Y,NA,4.33,3,Fs,5.90%
2022,Technological Innovation ,202222,1,SWE-321-905,OOP Lab,21469,18,Y,NA,4.33,3,Ps,0.00%
2022,Technological Innovation ,202222,1,SWE-321-905,OOP Lab,21469,18,Y,NA,4.33,3,NPs,0.00%
2022,Technological Innovation ,202222,1,GEN-175-004,Intro to Info Technology,20434,22,Y,NA,4.5,10,As,18.20%
2022,Technological Innovation ,202222,1,GEN-175-004,Intro to Info Technology,20434,22,Y,NA,4.5,10,Bs,22.70%
2022,Technological Innovation ,202222,1,GEN-175-004,Intro to Info Technology,20434,22,Y,NA,4.5,10,Cs,22.70%
2022,Technological Innovation ,202222,1,GEN-175-004,Intro to Info Technology,20434,22,Y,NA,4.5,10,Ds,22.70%
2022,Technological Innovation ,202222,1,GEN-175-004,Intro to Info Technology,20434,22,Y,NA,4.5,10,Fs,13.60%
2022,Technological Innovation ,202222,1,GEN-175-004,Intro to Info Technology,20434,22,Y,NA,4.5,10,Ps,0.00%
2022,Technological Innovation ,202222,1,GEN-175-004,Intro to Info Technology,20434,22,Y,NA,4.5,10,NPs,0.00%
2022,Technological Innovation ,202222,1,GEN-175-005,Intro to Info Technology,20311,19,Y,NA,4,6,As,10.50%
2022,Technological Innovation ,202222,1,GEN-175-005,Intro to Info Technology,20311,19,Y,NA,4,6,Bs,15.80%
2022,Technological Innovation ,202222,1,GEN-175-005,Intro to Info Technology,20311,19,Y,NA,4,6,Cs,36.80%
2022,Technological Innovation ,202222,1,GEN-175-005,Intro to Info Technology,20311,19,Y,NA,4,6,Ds,15.80%
2022,Technological Innovation ,202222,1,GEN-175-005,Intro to Info Technology,20311,19,Y,NA,4,6,Fs,21.10%
2022,Technological Innovation ,202222,1,GEN-175-005,Intro to Info Technology,20311,19,Y,NA,4,6,Ps,0.00%
2022,Technological Innovation ,202222,1,GEN-175-005,Intro to Info Technology,20311,19,Y,NA,4,6,NPs,0.00%
2022,Technological Innovation ,202222,1,SWE-321-001,OOP Lab,20447,16,Y,NA,4.43,7,As,14.30%
2022,Technological Innovation ,202222,1,SWE-321-001,OOP Lab,20447,16,Y,NA,4.43,7,Bs,71.40%
2022,Technological Innovation ,202222,1,SWE-321-001,OOP Lab,20447,16,Y,NA,4.43,7,Cs,14.30%
2022,Technological Innovation ,202222,1,SWE-321-001,OOP Lab,20447,16,Y,NA,4.43,7,Ds,0.00%
2022,Technological Innovation ,202222,1,SWE-321-001,OOP Lab,20447,16,Y,NA,4.43,7,Fs,0.00%
2022,Technological Innovation ,202222,1,SWE-321-001,OOP Lab,20447,16,Y,NA,4.43,7,Ps,0.00%
2022,Technological Innovation ,202222,1,SWE-321-001,OOP Lab,20447,16,Y,NA,4.43,7,NPs,0.00%
2022,Technological Innovation ,202222,1,SWE-321-005,OOP Lab,21468,18,Y,NA,4,6,As,11.80%
2022,Technological Innovation ,202222,1,SWE-321-005,OOP Lab,21468,18,Y,NA,4,6,Bs,35.30%
2022,Technological Innovation ,202222,1,SWE-321-005,OOP Lab,21468,18,Y,NA,4,6,Cs,41.20%
2022,Technological Innovation ,202222,1,SWE-321-005,OOP Lab,21468,18,Y,NA,4,6,Ds,0.00%
2022,Technological Innovation ,202222,1,SWE-321-005,OOP Lab,21468,18,Y,NA,4,6,Fs,11.80%
2022,Technological Innovation ,202222,1,SWE-321-005,OOP Lab,21468,18,Y,NA,4,6,Ps,0.00%
2022,Technological Innovation ,202222,1,SWE-321-005,OOP Lab,21468,18,Y,NA,4,6,NPs,0.00%
2022,Technological Innovation ,202222,3,CIT-490-005,Internship,21925,6,Y,NA,,0,As,0.00%
2022,Technological Innovation ,202222,3,CIT-490-005,Internship,21925,6,Y,NA,,0,Bs,0.00%
2022,Technological Innovation ,202222,3,CIT-490-005,Internship,21925,6,Y,NA,,0,Cs,0.00%
2022,Technological Innovation ,202222,3,CIT-490-005,Internship,21925,6,Y,NA,,0,Ds,0.00%
2022,Technological Innovation ,202222,3,CIT-490-005,Internship,21925,6,Y,NA,,0,Fs,0.00%
2022,Technological Innovation ,202222,3,CIT-490-005,Internship,21925,6,Y,NA,,0,Ps,100.00%
2022,Technological Innovation ,202222,3,CIT-490-005,Internship,21925,6,Y,NA,,0,NPs,0.00%
2022,Technological Innovation ,202222,3,CIT-490-902,Internship,21446,9,Y,NA,,0,As,0.00%
2022,Technological Innovation ,202222,3,CIT-490-902,Internship,21446,9,Y,NA,,0,Bs,0.00%
2022,Technological Innovation ,202222,3,CIT-490-902,Internship,21446,9,Y,NA,,0,Cs,0.00%
2022,Technological Innovation ,202222,3,CIT-490-902,Internship,21446,9,Y,NA,,0,Ds,0.00%
2022,Technological Innovation ,202222,3,CIT-490-902,Internship,21446,9,Y,NA,,0,Fs,0.00%
2022,Technological Innovation ,202222,3,CIT-490-902,Internship,21446,9,Y,NA,,0,Ps,100.00%
2022,Technological Innovation ,202222,3,CIT-490-902,Internship,21446,9,Y,NA,,0,NPs,0.00%
2023,Technological Innovation ,202321,1,SWE-321-001,OOP Lab,21471,20,Y,NA,3.86,7,As,42.10%
2023,Technological Innovation ,202321,1,SWE-321-001,OOP Lab,21471,20,Y,NA,3.86,7,Bs,47.40%
2023,Technological Innovation ,202321,1,SWE-321-001,OOP Lab,21471,20,Y,NA,3.86,7,Cs,0.00%
2023,Technological Innovation ,202321,1,SWE-321-001,OOP Lab,21471,20,Y,NA,3.86,7,Ds,0.00%
2023,Technological Innovation ,202321,1,SWE-321-001,OOP Lab,21471,20,Y,NA,3.86,7,Fs,10.50%
2023,Technological Innovation ,202321,1,SWE-321-001,OOP Lab,21471,20,Y,NA,3.86,7,Ps,0.00%
2023,Technological Innovation ,202321,1,SWE-321-001,OOP Lab,21471,20,Y,NA,3.86,7,NPs,0.00%
2023,Technological Innovation ,202321,1,SWE-321-902,OOP Lab,21445,17,Y,NA,5,2,As,23.50%
2023,Technological Innovation ,202321,1,SWE-321-902,OOP Lab,21445,17,Y,NA,5,2,Bs,76.50%
2023,Technological Innovation ,202321,1,SWE-321-902,OOP Lab,21445,17,Y,NA,5,2,Cs,0.00%
2023,Technological Innovation ,202321,1,SWE-321-902,OOP Lab,21445,17,Y,NA,5,2,Ds,0.00%
2023,Technological Innovation ,202321,1,SWE-321-902,OOP Lab,21445,17,Y,NA,5,2,Fs,0.00%
2023,Technological Innovation ,202321,1,SWE-321-902,OOP Lab,21445,17,Y,NA,5,2,Ps,0.00%
2023,Technological Innovation ,202321,1,SWE-321-902,OOP Lab,21445,17,Y,NA,5,2,NPs,0.00%
2023,Technological Innovation ,202321,1,SWE-321-904,OOP Lab,21414,13,Y,NA,5,5,As,15.40%
2023,Technological Innovation ,202321,1,SWE-321-904,OOP Lab,21414,13,Y,NA,5,5,Bs,84.60%
2023,Technological Innovation ,202321,1,SWE-321-904,OOP Lab,21414,13,Y,NA,5,5,Cs,0.00%
2023,Technological Innovation ,202321,1,SWE-321-904,OOP Lab,21414,13,Y,NA,5,5,Ds,0.00%
2023,Technological Innovation ,202321,1,SWE-321-904,OOP Lab,21414,13,Y,NA,5,5,Fs,0.00%
2023,Technological Innovation ,202321,1,SWE-321-904,OOP Lab,21414,13,Y,NA,5,5,Ps,0.00%
2023,Technological Innovation ,202321,1,SWE-321-904,OOP Lab,21414,13,Y,NA,5,5,NPs,0.00%
2023,Interdisciplinary Studies,202321,10,ICB-103-005,Applied Algorithmic Thinking,22529,23,Y,NA,3.38,13,As,0.00%
2023,Interdisciplinary Studies,202321,10,ICB-103-005,Applied Algorithmic Thinking,22529,23,Y,NA,3.38,13,Bs,9.10%
2023,Interdisciplinary Studies,202321,10,ICB-103-005,Applied Algorithmic Thinking,22529,23,Y,NA,3.38,13,Cs,50.00%
2023,Interdisciplinary Studies,202321,10,ICB-103-005,Applied Algorithmic Thinking,22529,23,Y,NA,3.38,13,Ds,18.20%
2023,Interdisciplinary Studies,202321,10,ICB-103-005,Applied Algorithmic Thinking,22529,23,Y,NA,3.38,13,Fs,22.70%
2023,Interdisciplinary Studies,202321,10,ICB-103-005,Applied Algorithmic Thinking,22529,23,Y,NA,3.38,13,Ps,0.00%
2023,Interdisciplinary Studies,202321,10,ICB-103-005,Applied Algorithmic Thinking,22529,23,Y,NA,3.38,13,NPs,0.00%
2023,Interdisciplinary Studies,202321,10,ICB-103-015,Applied Algorithmic Thinking,22552,24,Y,NA,2,11,As,8.30%
2023,Interdisciplinary Studies,202321,10,ICB-103-015,Applied Algorithmic Thinking,22552,24,Y,NA,2,11,Bs,16.70%
2023,Interdisciplinary Studies,202321,10,ICB-103-015,Applied Algorithmic Thinking,22552,24,Y,NA,2,11,Cs,12.50%
2023,Interdisciplinary Studies,202321,10,ICB-103-015,Applied Algorithmic Thinking,22552,24,Y,NA,2,11,Ds,29.20%
2023,Interdisciplinary Studies,202321,10,ICB-103-015,Applied Algorithmic Thinking,22552,24,Y,NA,2,11,Fs,33.30%
2023,Interdisciplinary Studies,202321,10,ICB-103-015,Applied Algorithmic Thinking,22552,24,Y,NA,2,11,Ps,0.00%
2023,Interdisciplinary Studies,202321,10,ICB-103-015,Applied Algorithmic Thinking,22552,24,Y,NA,2,11,NPs,0.00%
2023,Interdisciplinary Studies,202322,1,ICS-220-001,Program. Fund.,21806,23,Y,NA,4,7,As,21.70%
2023,Interdisciplinary Studies,202322,1,ICS-220-001,Program. Fund.,21806,23,Y,NA,4,7,Bs,26.10%
2023,Interdisciplinary Studies,202322,1,ICS-220-001,Program. Fund.,21806,23,Y,NA,4,7,Cs,43.50%
2023,Interdisciplinary Studies,202322,1,ICS-220-001,Program. Fund.,21806,23,Y,NA,4,7,Ds,4.30%
2023,Interdisciplinary Studies,202322,1,ICS-220-001,Program. Fund.,21806,23,Y,NA,4,7,Fs,4.30%
2023,Interdisciplinary Studies,202322,1,ICS-220-001,Program. Fund.,21806,23,Y,NA,4,7,Ps,0.00%
2023,Interdisciplinary Studies,202322,1,ICS-220-001,Program. Fund.,21806,23,Y,NA,4,7,NPs,0.00%
2023,Interdisciplinary Studies,202322,1,ICS-220-004,Program. Fund.,22488,24,Y,NA,4.25,4,As,12.50%
2023,Interdisciplinary Studies,202322,1,ICS-220-004,Program. Fund.,22488,24,Y,NA,4.25,4,Bs,29.20%
2023,Interdisciplinary Studies,202322,1,ICS-220-004,Program. Fund.,22488,24,Y,NA,4.25,4,Cs,37.50%
2023,Interdisciplinary Studies,202322,1,ICS-220-004,Program. Fund.,22488,24,Y,NA,4.25,4,Ds,16.70%
2023,Interdisciplinary Studies,202322,1,ICS-220-004,Program. Fund.,22488,24,Y,NA,4.25,4,Fs,4.20%
2023,Interdisciplinary Studies,202322,1,ICS-220-004,Program. Fund.,22488,24,Y,NA,4.25,4,Ps,0.00%
2023,Interdisciplinary Studies,202322,1,ICS-220-004,Program. Fund.,22488,24,Y,NA,4.25,4,NPs,0.00%
2024,Interdisciplinary Studies,202421,1,ICS-220-004,Program. Fund.,22589,17,Y,NA,4.75,8,As,33.30%
2024,Interdisciplinary Studies,202421,1,ICS-220-004,Program. Fund.,22589,17,Y,NA,4.75,8,Bs,53.30%
2024,Interdisciplinary Studies,202421,1,ICS-220-004,Program. Fund.,22589,17,Y,NA,4.75,8,Cs,6.70%
2024,Interdisciplinary Studies,202421,1,ICS-220-004,Program. Fund.,22589,17,Y,NA,4.75,8,Ds,0.00%
2024,Interdisciplinary Studies,202421,1,ICS-220-004,Program. Fund.,22589,17,Y,NA,4.75,8,Fs,6.70%
2024,Interdisciplinary Studies,202421,1,ICS-220-004,Program. Fund.,22589,17,Y,NA,4.75,8,Ps,0.00%
2024,Interdisciplinary Studies,202421,1,ICS-220-004,Program. Fund.,22589,17,Y,NA,4.75,8,NPs,0.00%
2024,Interdisciplinary Studies,202421,1,ICS-220-005,Program. Fund.,22591,5,Y,NA,4.5,2,As,40.00%
2024,Interdisciplinary Studies,202421,1,ICS-220-005,Program. Fund.,22591,5,Y,NA,4.5,2,Bs,60.00%
2024,Interdisciplinary Studies,202421,1,ICS-220-005,Program. Fund.,22591,5,Y,NA,4.5,2,Cs,0.00%
2024,Interdisciplinary Studies,202421,1,ICS-220-005,Program. Fund.,22591,5,Y,NA,4.5,2,Ds,0.00%
2024,Interdisciplinary Studies,202421,1,ICS-220-005,Program. Fund.,22591,5,Y,NA,4.5,2,Fs,0.00%
2024,Interdisciplinary Studies,202421,1,ICS-220-005,Program. Fund.,22591,5,Y,NA,4.5,2,Ps,0.00%
2024,Interdisciplinary Studies,202421,1,ICS-220-005,Program. Fund.,22591,5,Y,NA,4.5,2,NPs,0.00%
2024,Interdisciplinary Studies,202421,1,ICS-351-001,Machine Learning,23205,21,Y,NA,4.36,14,As,23.80%
2024,Interdisciplinary Studies,202421,1,ICS-351-001,Machine Learning,23205,21,Y,NA,4.36,14,Bs,47.60%
2024,Interdisciplinary Studies,202421,1,ICS-351-001,Machine Learning,23205,21,Y,NA,4.36,14,Cs,28.60%
2024,Interdisciplinary Studies,202421,1,ICS-351-001,Machine Learning,23205,21,Y,NA,4.36,14,Ds,0.00%
2024,Interdisciplinary Studies,202421,1,ICS-351-001,Machine Learning,23205,21,Y,NA,4.36,14,Fs,0.00%
2024,Interdisciplinary Studies,202421,1,ICS-351-001,Machine Learning,23205,21,Y,NA,4.36,14,Ps,0.00%
2024,Interdisciplinary Studies,202421,1,ICS-351-001,Machine Learning,23205,21,Y,NA,4.36,14,NPs,0.00%
